{"name":"b2e05569-c221-4a34-8956-1c14f1615ddd","id":"/providers/Microsoft.Flow/flows/b2e05569-c221-4a34-8956-1c14f1615ddd","type":"Microsoft.Flow/flows","properties":{"apiId":"/providers/Microsoft.PowerApps/apis/shared_logicflows","displayName":"Get-Autopilot-Device-Details","definition":{"metadata":{"workflowEntityId":null,"processAdvisorMetadata":null,"flowChargedByPaygo":null,"flowclientsuspensionreason":"None","flowclientsuspensiontime":null,"flowclientsuspensionreasondetails":null,"creator":{"id":"1ffd00ba-60d9-43a8-a0a5-e8a1147a4b8d","type":"User","tenantId":"95204a72-3af2-4765-830b-f519df91155a"},"provisioningMethod":"FromDefinition","failureAlertSubscription":true,"clientLastModifiedTime":"2023-04-09T09:21:16.5743035Z"},"$schema":"https://schema.management.azure.com/providers/Microsoft.Logic/schemas/2016-06-01/workflowdefinition.json#","contentVersion":"1.0.0.0","parameters":{"$authentication":{"defaultValue":{},"type":"SecureObject"}},"triggers":{"manual":{"metadata":{"operationMetadataId":"056f0147-c5d9-4fd4-8181-abed03f008f6"},"type":"Request","kind":"PowerApp","inputs":{"schema":{"type":"object","properties":{"HTTP_URI":{"type":"string","format":"uri","description":"Enter request URL. This parameter is used as part of \"C8120792-7070-4368-BC7C-7F71922B1456\"","x-ms-powerflows-param-ispartial":true}},"required":["HTTP_URI"]}}}},"actions":{"HTTP":{"runAfter":{},"metadata":{"operationMetadataId":"e0a7554d-8568-400d-8647-01e6458364ad"},"type":"Http","inputs":{"method":"GET","uri":"https://graph.microsoft.com/beta/deviceManagement/windowsAutopilotDeviceIdentities/@{triggerBody()['HTTP_URI']}?$expand=deploymentProfile,intendedDeploymentProfile","authentication":{"type":"ActiveDirectoryOAuth","tenant":"<INSERT Tenant ID here>","audience":"https://graph.microsoft.com","clientId":"<INSERT Client ID here>","secret":"<INSERT Secret here>"}}},"Parse_JSON":{"runAfter":{"HTTP":["Succeeded"]},"metadata":{"operationMetadataId":"8cd52958-e952-4a92-96a2-d4c73927fe03"},"type":"ParseJson","inputs":{"content":"@body('HTTP')","schema":{"type":"object","properties":{"@@odata.context":{"type":"string"},"id":{"type":"string"},"deploymentProfileAssignmentStatus":{"type":"string"},"deploymentProfileAssignmentDetailedStatus":{"type":"string"},"deploymentProfileAssignedDateTime":{"type":"string"},"groupTag":{"type":"string"},"purchaseOrderIdentifier":{},"serialNumber":{"type":"string"},"manufacturer":{"type":"string"},"model":{"type":"string"},"enrollmentState":{"type":"string"},"lastContactedDateTime":{"type":"string"},"addressableUserName":{},"userPrincipalName":{},"resourceName":{},"skuNumber":{"type":"string"},"systemFamily":{"type":"string"},"azureActiveDirectoryDeviceId":{"type":"string"},"azureAdDeviceId":{"type":"string"},"managedDeviceId":{"type":"string"},"displayName":{},"deploymentProfile":{"type":"object","properties":{"@@odata.type":{"type":"string"},"id":{"type":"string"},"displayName":{"type":"string"},"description":{"type":"string"},"language":{"type":"string"},"createdDateTime":{"type":"string"},"lastModifiedDateTime":{"type":"string"},"enrollmentStatusScreenSettings":{},"extractHardwareHash":{"type":"boolean"},"deviceNameTemplate":{"type":"string"},"deviceType":{"type":"string"},"enableWhiteGlove":{"type":"boolean"},"roleScopeTagIds":{"type":"array","items":{"type":"string"}},"hybridAzureADJoinSkipConnectivityCheck":{"type":"boolean"},"outOfBoxExperienceSettings":{"type":"object","properties":{"hidePrivacySettings":{"type":"boolean"},"hideEULA":{"type":"boolean"},"userType":{"type":"string"},"deviceUsageType":{"type":"string"},"skipKeyboardSelectionPage":{"type":"boolean"},"hideEscapeLink":{"type":"boolean"}}}}},"intendedDeploymentProfile":{"type":"object","properties":{"@@odata.type":{"type":"string"},"id":{"type":"string"},"displayName":{"type":"string"},"description":{"type":"string"},"language":{"type":"string"},"createdDateTime":{"type":"string"},"lastModifiedDateTime":{"type":"string"},"enrollmentStatusScreenSettings":{},"extractHardwareHash":{"type":"boolean"},"deviceNameTemplate":{"type":"string"},"deviceType":{"type":"string"},"enableWhiteGlove":{"type":"boolean"},"roleScopeTagIds":{"type":"array","items":{"type":"string"}},"outOfBoxExperienceSettings":{"type":"object","properties":{"hidePrivacySettings":{"type":"boolean"},"hideEULA":{"type":"boolean"},"userType":{"type":"string"},"deviceUsageType":{"type":"string"},"skipKeyboardSelectionPage":{"type":"boolean"},"hideEscapeLink":{"type":"boolean"}}}}}}}}},"Response":{"runAfter":{"Parse_JSON":["Succeeded"]},"metadata":{"operationMetadataId":"b5a1aa91-3727-42c3-9450-9c03629d2ee3"},"type":"Response","kind":"Http","inputs":{"statusCode":200,"body":"@body('Parse_JSON')","schema":{"type":"object","properties":{"@@odata.context":{"type":"string"},"id":{"type":"string"},"deploymentProfileAssignmentStatus":{"type":"string"},"deploymentProfileAssignmentDetailedStatus":{"type":"string"},"deploymentProfileAssignedDateTime":{"type":"string"},"groupTag":{"type":"string"},"purchaseOrderIdentifier":{},"serialNumber":{"type":"string"},"productKey":{"type":"string"},"manufacturer":{"type":"string"},"model":{"type":"string"},"enrollmentState":{"type":"string"},"lastContactedDateTime":{"type":"string"},"addressableUserName":{},"userPrincipalName":{},"resourceName":{},"skuNumber":{"type":"string"},"systemFamily":{"type":"string"},"azureActiveDirectoryDeviceId":{"type":"string"},"azureAdDeviceId":{"type":"string"},"managedDeviceId":{"type":"string"},"displayName":{},"deploymentProfile":{"type":"object","properties":{"@@odata.type":{"type":"string"},"id":{"type":"string"},"displayName":{"type":"string"},"description":{"type":"string"},"language":{"type":"string"},"createdDateTime":{"type":"string"},"lastModifiedDateTime":{"type":"string"},"enrollmentStatusScreenSettings":{},"extractHardwareHash":{"type":"boolean"},"deviceNameTemplate":{"type":"string"},"deviceType":{"type":"string"},"enableWhiteGlove":{"type":"boolean"},"roleScopeTagIds":{"type":"array","items":{"type":"string"}},"hybridAzureADJoinSkipConnectivityCheck":{"type":"boolean"},"outOfBoxExperienceSettings":{"type":"object","properties":{"hidePrivacySettings":{"type":"boolean"},"hideEULA":{"type":"boolean"},"userType":{"type":"string"},"deviceUsageType":{"type":"string"},"skipKeyboardSelectionPage":{"type":"boolean"},"hideEscapeLink":{"type":"boolean"}}}}},"intendedDeploymentProfile":{"type":"object","properties":{"@@odata.type":{"type":"string"},"id":{"type":"string"},"displayName":{"type":"string"},"description":{"type":"string"},"language":{"type":"string"},"createdDateTime":{"type":"string"},"lastModifiedDateTime":{"type":"string"},"enrollmentStatusScreenSettings":{},"extractHardwareHash":{"type":"boolean"},"deviceNameTemplate":{"type":"string"},"deviceType":{"type":"string"},"enableWhiteGlove":{"type":"boolean"},"roleScopeTagIds":{"type":"array","items":{"type":"string"}},"outOfBoxExperienceSettings":{"type":"object","properties":{"hidePrivacySettings":{"type":"boolean"},"hideEULA":{"type":"boolean"},"userType":{"type":"string"},"deviceUsageType":{"type":"string"},"skipKeyboardSelectionPage":{"type":"boolean"},"hideEscapeLink":{"type":"boolean"}}}}}}}}}}},"connectionReferences":{},"flowFailureAlertSubscribed":false,"isManaged":false}}