{"name":"c38a39b3-f191-48de-b05e-10284cd4be11","id":"/providers/Microsoft.Flow/flows/c38a39b3-f191-48de-b05e-10284cd4be11","type":"Microsoft.Flow/flows","properties":{"apiId":"/providers/Microsoft.PowerApps/apis/shared_logicflows","displayName":"Set-CorporateIdentifiers-Windows","definition":{"metadata":{"workflowEntityId":null,"processAdvisorMetadata":null,"flowChargedByPaygo":null,"flowclientsuspensionreason":"None","flowclientsuspensiontime":null,"flowclientsuspensionreasondetails":null,"creator":{"id":"1ffd00ba-60d9-43a8-a0a5-e8a1147a4b8d","type":"User","tenantId":"95204a72-3af2-4765-830b-f519df91155a"},"provisioningMethod":"FromDefinition","failureAlertSubscription":true,"clientLastModifiedTime":"2024-07-28T11:21:21.3843264Z","connectionKeySavedTimeKey":"2024-07-28T11:21:21.3843264Z"},"$schema":"https://schema.management.azure.com/providers/Microsoft.Logic/schemas/2016-06-01/workflowdefinition.json#","contentVersion":"undefined","parameters":{"$authentication":{"defaultValue":{},"type":"SecureObject"},"$connections":{"defaultValue":{},"type":"Object"}},"triggers":{"manual":{"type":"Request","kind":"PowerAppV2","inputs":{"schema":{"type":"object","properties":{"text":{"description":"Please enter your input","title":"Manufacturer","type":"string","x-ms-content-hint":"TEXT","x-ms-dynamically-added":true},"text_1":{"description":"Please enter your input","title":"Model","type":"string","x-ms-content-hint":"TEXT","x-ms-dynamically-added":true},"text_2":{"description":"Please enter your input","title":"Serial","type":"string","x-ms-content-hint":"TEXT","x-ms-dynamically-added":true}},"required":["text","text_1","text_2"]}}}},"actions":{"Response":{"runAfter":{"Upload_new_Identifier":["Succeeded"]},"type":"Response","kind":"Http","inputs":{"statusCode":"@outputs('Upload_new_Identifier')?['statusCode']"}},"Upload_new_Identifier":{"runAfter":{},"type":"Http","inputs":{"uri":"https://graph.microsoft.com/beta/deviceManagement/importedDeviceIdentities/importDeviceIdentityList","method":"POST","body":{"overwriteImportedDeviceIdentities":false,"importedDeviceIdentities":[{"importedDeviceIdentityType":"manufacturerModelSerial","importedDeviceIdentifier":"@{triggerBody()?['text']}, @{triggerBody()?['text_1']}, @{triggerBody()?['text_2']}"}]},"authentication":{"type":"ActiveDirectoryOAuth","authority":"","tenant":"<INSERT Tenant ID HERE>","audience":"https://graph.microsoft.com","clientId":"<INSERT Client ID HERE>","secret":"<INSERT Secret HERE>"}},"runtimeConfiguration":{"contentTransfer":{"transferMode":"Chunked"}}}}},"connectionReferences":{},"flowFailureAlertSubscribed":false,"isManaged":false}}