{"schemaVersion":"1.0","appDefinitionTemplate":{"id":"/providers/Microsoft.PowerApps/apps/","type":"Microsoft.PowerApps/apps","tags":{"primaryDeviceWidth":"768","primaryDeviceHeight":"1366","sienaVersion":"20240728T085648Z-3.24073.20.0","deviceCapabilities":"webcam","supportsPortrait":"true","supportsLandscape":"false","primaryFormFactor":"Tablet","publisherVersion":"3.24073.20","minimumRequiredApiVersion":"2.2.0","hasComponent":"false","hasUnlockedComponent":"false","isUnifiedRootApp":"false","showStatusBar":"false","offlineLargeFilesSupport":"false"},"properties":{"appVersion":"2024-07-28T08:56:48Z","lifeCycleId":"Published","createdByClientVersion":{"major":3,"minor":24073,"build":20,"revision":0,"majorRevision":0,"minorRevision":0},"minClientVersion":{"major":3,"minor":24073,"build":20,"revision":0,"majorRevision":0,"minorRevision":0},"backgroundColor":"rgba(0, 176, 240, 1)","backgroundImageUri":"/10820751064736260192/N0ad173be-dd75-421d-97e0-1256f9b4407b-logoSmallFile","displayName":"Autopilot Companion v2","description":"","commitMessage":"","appUris":{"documentUri":{"value":"/10820751064736260192/N872518c2-4bde-4fab-8b12-ed4c27a7bb2e-document.msapp"},"imageUris":[],"additionalUris":[{"isSolutionAware":false,"value":"/10820751064736260192/Na5d65640-6cee-49ef-b864-6504cea297cd-identity.json"}]},"createdTime":"0001-01-01T00:00:00Z","lastModifiedTime":"0001-01-01T00:00:00Z","sharedGroupsCount":0,"sharedUsersCount":0,"connectionReferences":{"90d71d33-a437-4451-98d4-76dad0fddf8f":{"id":"d770fe9f-5bd3-4332-8a42-86139fb0ba19","displayName":"Office 365 Users","iconUri":"https://connectoricons-prod.azureedge.net/releases/v1.0.1702/1.0.1702.3810/office365users/icon.png","dataSources":["Office365Users"],"dependencies":[],"dependents":[],"parameterHints":{},"parameterHintsV2":{},"isOnPremiseConnection":false,"bypassConsent":false,"dataSets":{},"apiTier":"Standard","isCustomApiConnection":false,"actions":["UserPhotoV2"]},"434230f9-f226-4ca7-b125-9d4556dd0f37":{"id":"77ea7491-df18-437c-b1ec-3123b16b1d9a","displayName":"Logic flows","iconUri":"https://connectoricons-prod.azureedge.net/releases/v1.0.1697/1.0.1697.3780/logicflows/icon.png","dataSources":["Set-CorporateIdentifiers-Windows"],"dependencies":[],"dependents":[],"parameterHints":{"workflowName":{"value":"24f9b78f-6b8f-4920-a694-1071f287f167"},"workflowEntityId":{},"workflowDisplayName":{"value":"Set-CorporateIdentifiers-Windows"}},"parameterHintsV2":{"workflowName":{"value":"24f9b78f-6b8f-4920-a694-1071f287f167"},"workflowEntityId":{},"workflowDisplayName":{"value":"Set-CorporateIdentifiers-Windows"}},"isOnPremiseConnection":false,"bypassConsent":false,"dataSets":{},"apiTier":"Standard","isCustomApiConnection":false,"actions":["Run"]},"d94da46b-c668-44c3-83f6-50c58d052065":{"id":"77ea7491-df18-437c-b1ec-3123b16b1d9a","displayName":"Logic flows","iconUri":"https://connectoricons-prod.azureedge.net/releases/v1.0.1697/1.0.1697.3780/logicflows/icon.png","dataSources":["Get-CorporateIdentifiers-Windows"],"dependencies":[],"dependents":[],"parameterHints":{"workflowName":{"value":"007dddf0-dd72-434f-9c54-013ef72fc22e"},"workflowEntityId":{},"workflowDisplayName":{"value":"Get-CorporateIdentifiers-Windows"}},"parameterHintsV2":{"workflowName":{"value":"007dddf0-dd72-434f-9c54-013ef72fc22e"},"workflowEntityId":{},"workflowDisplayName":{"value":"Get-CorporateIdentifiers-Windows"}},"isOnPremiseConnection":false,"bypassConsent":false,"dataSets":{},"apiTier":"Standard","isCustomApiConnection":false,"actions":["Run"]}},"databaseReferences":{"default.cds":{"databaseDetails":{"referenceType":"Environmental","environmentName":"default.cds","overrideValues":{"status":"NotSpecified","environmentVariableName":""}},"dataSources":{"Inventories":{"entitySetName":"cr4ef_inventories","logicalName":"cr4ef_inventory","isHidden":false}},"actions":["providers/PowerPlatform.Governance/Operations/Read"]}},"almMode":"Environment","performanceOptimizationEnabled":false,"canConsumeAppPass":true,"enableModernRuntimeMode":false,"executionRestrictions":{"isTeamsOnly":false,"dataLossPreventionEvaluationResult":{"status":"Compliant","lastEvaluationDate":"2024-07-27T20:55:43.4507787Z","violations":[],"violationsByPolicy":[],"violationErrorMessage":"The app uses the following connectors: shared_office365users, shared_logicflows."},"httpActionRestriction":{"appUsesSharepointHttpAction":false,"enforcementStrategy":"Legacy","evaluationTime":"2024-07-27T20:55:43.4505595Z"}}},"appType":"ClassicCanvasApp","appComponents":[]}}