{"name":"26885a6d-e835-4eaa-8a7f-1a529e5032d1","id":"/providers/Microsoft.Flow/flows/26885a6d-e835-4eaa-8a7f-1a529e5032d1","type":"Microsoft.Flow/flows","properties":{"apiId":"/providers/Microsoft.PowerApps/apis/shared_logicflows","displayName":"Get-Autopilot-Devices-WhiteGlove","definition":{"metadata":{"workflowEntityId":null,"processAdvisorMetadata":null,"flowChargedByPaygo":null,"flowclientsuspensionreason":"None","flowclientsuspensiontime":null,"flowclientsuspensionreasondetails":null,"creator":{"id":"1ffd00ba-60d9-43a8-a0a5-e8a1147a4b8d","type":"User","tenantId":"95204a72-3af2-4765-830b-f519df91155a"},"provisioningMethod":"FromDefinition","failureAlertSubscription":true,"clientLastModifiedTime":"2023-04-09T09:23:17.0127377Z"},"$schema":"https://schema.management.azure.com/providers/Microsoft.Logic/schemas/2016-06-01/workflowdefinition.json#","contentVersion":"1.0.0.0","parameters":{"$authentication":{"defaultValue":{},"type":"SecureObject"}},"triggers":{"manual":{"metadata":{"operationMetadataId":"440c5665-a291-43a2-b787-6d7119ca3c0a"},"type":"Request","kind":"PowerApp","inputs":{"schema":{"type":"object","properties":{"HTTP_URI":{"type":"string","format":"uri","description":"Enter request URL. This parameter is used as part of \"D0919FB8-2E2B-47FA-8E34-0DDB386AF7B0\"","x-ms-powerflows-param-ispartial":true}},"required":["HTTP_URI"]}}}},"actions":{"HTTP":{"runAfter":{"Parse_JSON_2":["Succeeded"]},"metadata":{"operationMetadataId":"a52b8d83-874d-422e-83b9-31d399352c7b"},"type":"Http","inputs":{"method":"GET","uri":"https://graph.microsoft.com/beta/deviceManagement/windowsAutopilotDeviceIdentities/@{body('Parse_JSON_2')?['ZtdId']}","authentication":{"type":"ActiveDirectoryOAuth","tenant":"<INSERT Tenant ID here>","audience":"https://graph.microsoft.com","clientId":"<INSERT Client ID here>","secret":"<INSERT Secret here>"}}},"Parse_JSON":{"runAfter":{"HTTP_2":["Succeeded"]},"metadata":{"operationMetadataId":"b0853649-0bfc-4e42-96d3-3e67601d659c"},"type":"ParseJson","inputs":{"content":"@body('HTTP_2')","schema":{"type":"object","properties":{"@@odata.context":{"type":"string"},"@@odata.count":{"type":"integer"},"value":{"type":"array","items":{"type":"object","properties":{"id":{"type":"string"},"deploymentProfileAssignmentStatus":{"type":"string"},"deploymentProfileAssignmentDetailedStatus":{"type":"string"},"deploymentProfileAssignedDateTime":{"type":"string"},"groupTag":{"type":"string"},"purchaseOrderIdentifier":{"type":"string"},"serialNumber":{"type":"string"},"manufacturer":{"type":"string"},"model":{"type":"string"},"enrollmentState":{"type":"string"},"lastContactedDateTime":{"type":"string"},"addressableUserName":{"type":"string"},"userPrincipalName":{"type":"string"},"resourceName":{"type":"string"},"skuNumber":{"type":"string"},"systemFamily":{"type":"string"},"azureActiveDirectoryDeviceId":{"type":"string"},"azureAdDeviceId":{"type":"string"},"managedDeviceId":{"type":"string"},"displayName":{"type":"string"}},"required":["id","deploymentProfileAssignmentStatus","deploymentProfileAssignmentDetailedStatus","deploymentProfileAssignedDateTime","groupTag","purchaseOrderIdentifier","serialNumber","manufacturer","model","enrollmentState","lastContactedDateTime","addressableUserName","userPrincipalName","resourceName","skuNumber","systemFamily","azureActiveDirectoryDeviceId","azureAdDeviceId","managedDeviceId","displayName"]}}}}}},"Response":{"runAfter":{"Parse_JSON":["Succeeded"]},"metadata":{"operationMetadataId":"a6ebfe2c-4803-476f-9c08-941b1ce30c00"},"type":"Response","kind":"Http","inputs":{"statusCode":200,"body":"@body('Parse_JSON')?['value']","schema":{"type":"array","items":{"type":"object","properties":{"id":{"type":"string"},"groupTag":{"type":"string"},"serialNumber":{"type":"string"},"manufacturer":{"type":"string"},"model":{"type":"string"},"deploymentProfileAssignmentStatus":{"type":"string"}}}}}},"Parse_JSON_2":{"runAfter":{},"metadata":{"operationMetadataId":"7bff1368-8e20-4bf4-af87-09990f0469f9"},"type":"ParseJson","inputs":{"content":"@triggerBody()['HTTP_URI']","schema":{"type":"object","properties":{"Version":{"type":"string"},"Id":{"type":"string"},"ZtdId":{"type":"string"},"PKID":{"type":"string"},"SerialNumber":{"type":"string"},"SequenceBlockNumber":{"type":"integer"},"TotalBlocks":{"type":"integer"}}}}},"Parse_JSON_3":{"runAfter":{"HTTP":["Succeeded"]},"metadata":{"operationMetadataId":"950e68cd-b40a-4696-8d15-1f14a89722e4"},"type":"ParseJson","inputs":{"content":"@body('HTTP')","schema":{"type":"object","properties":{"@@odata.context":{"type":"string"},"id":{"type":"string"},"serialNumber":{"type":"string"}}}}},"HTTP_2":{"runAfter":{"Parse_JSON_3":["Succeeded"]},"metadata":{"operationMetadataId":"3f025525-2d1d-4fc0-8de7-28d450cf7908"},"type":"Http","inputs":{"method":"GET","uri":"https://graph.microsoft.com/beta/deviceManagement/windowsAutopilotDeviceIdentities?$filter=contains(serialNumber,'@{body('Parse_JSON_3')?['serialNumber']}')","authentication":{"type":"ActiveDirectoryOAuth","tenant":"<INSERT Tenant ID here>","audience":"https://graph.microsoft.com","clientId":"<INSERT Client ID here>","secret":"<INSERT Secret here>"}}}}},"connectionReferences":{},"flowFailureAlertSubscribed":false,"isManaged":false}}