{"name":"500f37ba-59a3-43ec-b3ce-5c5545f31480","id":"/providers/Microsoft.Flow/flows/500f37ba-59a3-43ec-b3ce-5c5545f31480","type":"Microsoft.Flow/flows","properties":{"apiId":"/providers/Microsoft.PowerApps/apis/shared_logicflows","displayName":"Set-GroupTag","definition":{"metadata":{"workflowEntityId":null,"processAdvisorMetadata":null,"flowChargedByPaygo":null,"flowclientsuspensionreason":"None","flowclientsuspensiontime":null,"flowclientsuspensionreasondetails":null,"creator":{"id":"1ffd00ba-60d9-43a8-a0a5-e8a1147a4b8d","type":"User","tenantId":"95204a72-3af2-4765-830b-f519df91155a"},"provisioningMethod":"FromDefinition","failureAlertSubscription":true,"clientLastModifiedTime":"2024-03-17T10:22:54.01514Z","connectionKeySavedTimeKey":"2024-03-17T10:22:54.01514Z"},"$schema":"https://schema.management.azure.com/providers/Microsoft.Logic/schemas/2016-06-01/workflowdefinition.json#","contentVersion":"1.0.0.0","parameters":{"$authentication":{"defaultValue":{},"type":"SecureObject"},"$connections":{"defaultValue":{},"type":"Object"}},"triggers":{"manual":{"metadata":{"operationMetadataId":"756af4c8-6729-49b5-a6b8-0761da7fa2fb"},"type":"Request","kind":"PowerAppV2","inputs":{"schema":{"type":"object","properties":{"text":{"title":"HTTP_URI","type":"string","x-ms-dynamically-added":true,"description":"Please enter your input","x-ms-content-hint":"TEXT"},"text_1":{"title":"HTTP_Body","type":"string","x-ms-dynamically-added":true,"description":"Please enter your input","x-ms-content-hint":"TEXT"}},"required":["text","text_1"]}}}},"actions":{"HTTP":{"runAfter":{},"metadata":{"operationMetadataId":"0ee74ffc-21c1-4b60-9a02-84d382a6a60a"},"type":"Http","inputs":{"uri":"https://graph.microsoft.com/beta/deviceManagement/windowsAutopilotDeviceIdentities/@{triggerBody()['text']}/UpdateDeviceProperties","method":"POST","body":{"groupTag":"@triggerBody()['text_1']"},"authentication":{"type":"ActiveDirectoryOAuth","tenant":"<INSERT Tenant ID here>","audience":"https://graph.microsoft.com","clientId":"<INSERT Client ID here>","secret":"<INSERT Secret here>"}}},"Response":{"runAfter":{"HTTP":["Succeeded"]},"metadata":{"operationMetadataId":"feab8125-5ecb-4d29-a480-6c5c555be789"},"type":"Response","kind":"Http","inputs":{"statusCode":"@outputs('HTTP')['statusCode']"}}}},"connectionReferences":{},"flowFailureAlertSubscribed":false,"isManaged":false}}