{"name":"327808de-db64-4616-9159-4ebd75a2e789","id":"/providers/Microsoft.Flow/flows/327808de-db64-4616-9159-4ebd75a2e789","type":"Microsoft.Flow/flows","properties":{"apiId":"/providers/Microsoft.PowerApps/apis/shared_logicflows","displayName":"Set-Autopilot-Users","definition":{"metadata":{"workflowEntityId":null,"processAdvisorMetadata":null,"flowChargedByPaygo":null,"flowclientsuspensionreason":"None","flowclientsuspensiontime":null,"flowclientsuspensionreasondetails":null,"creator":{"id":"1ffd00ba-60d9-43a8-a0a5-e8a1147a4b8d","type":"User","tenantId":"95204a72-3af2-4765-830b-f519df91155a"},"provisioningMethod":"FromDefinition","failureAlertSubscription":true,"clientLastModifiedTime":"2024-03-17T10:20:31.7933803Z","connectionKeySavedTimeKey":"2024-03-17T10:20:31.7933803Z"},"$schema":"https://schema.management.azure.com/providers/Microsoft.Logic/schemas/2016-06-01/workflowdefinition.json#","contentVersion":"1.0.0.0","parameters":{"$authentication":{"defaultValue":{},"type":"SecureObject"},"$connections":{"defaultValue":{},"type":"Object"}},"triggers":{"manual":{"metadata":{"operationMetadataId":"ceb78ed8-bf77-485b-b919-14f58aca1dce"},"type":"Request","kind":"PowerAppV2","inputs":{"schema":{"type":"object","properties":{"text":{"title":"AutopilotDevice","type":"string","x-ms-dynamically-added":true,"description":"Please enter your input","x-ms-content-hint":"TEXT"},"text_1":{"description":"Please enter your input","title":"AutopiotUserUPN","type":"string","x-ms-content-hint":"TEXT","x-ms-dynamically-added":true},"text_2":{"description":"Please enter your input","title":"AutopiotUserDisplayName","type":"string","x-ms-content-hint":"TEXT","x-ms-dynamically-added":true}},"required":["text","text_1","text_2"]}}}},"actions":{"HTTP":{"runAfter":{},"metadata":{"operationMetadataId":"d19acafe-0273-46c5-9638-7c289dce9301"},"type":"Http","inputs":{"uri":"https://graph.microsoft.com/beta//deviceManagement/windowsAutopilotDeviceIdentities/@{triggerBody()['text']}/assignUserToDevice","method":"POST","body":{"userPrincipalName":"@{triggerBody()?['text_1']}","addressableUserName":"@{triggerBody()?['text_2']}"},"authentication":{"type":"ActiveDirectoryOAuth","authority":"","tenant":"<INSERT Tenant ID here>","audience":"https://graph.microsoft.com","clientId":"<INSERT Client ID here>","secret":"<INSERT Secret here>\n"}}},"Response":{"runAfter":{"HTTP":["Succeeded"]},"metadata":{"operationMetadataId":"b544c42a-8c59-41d0-807d-0a082fdf0f4d"},"type":"Response","kind":"Http","inputs":{"statusCode":200}}}},"connectionReferences":{},"flowFailureAlertSubscribed":false,"isManaged":false}}