{"name":"ffc7597f-0051-4f11-b7bc-eebc333f8d04","id":"/providers/Microsoft.Flow/flows/ffc7597f-0051-4f11-b7bc-eebc333f8d04","type":"Microsoft.Flow/flows","properties":{"apiId":"/providers/Microsoft.PowerApps/apis/shared_logicflows","displayName":"Get-Autopilot-Devices","definition":{"metadata":{"workflowEntityId":null,"processAdvisorMetadata":null,"flowChargedByPaygo":null,"flowclientsuspensionreason":"None","flowclientsuspensiontime":null,"flowclientsuspensionreasondetails":null,"creator":{"id":"1ffd00ba-60d9-43a8-a0a5-e8a1147a4b8d","type":"User","tenantId":"95204a72-3af2-4765-830b-f519df91155a"},"provisioningMethod":"FromDefinition","failureAlertSubscription":true,"clientLastModifiedTime":"2023-04-09T09:19:49.4317883Z"},"$schema":"https://schema.management.azure.com/providers/Microsoft.Logic/schemas/2016-06-01/workflowdefinition.json#","contentVersion":"1.0.0.0","parameters":{"$authentication":{"defaultValue":{},"type":"SecureObject"}},"triggers":{"manual":{"metadata":{"operationMetadataId":"05d9ca74-c453-4f49-a3c7-5d2ae9f915c7"},"type":"Request","kind":"PowerApp","inputs":{"schema":{"type":"object","properties":{"HTTP_URI":{"type":"string","format":"uri","description":"Enter request URL. This parameter is used as part of \"C79FD9A0-D8FD-4769-B2F7-C0E563DEA75A\"","x-ms-powerflows-param-ispartial":true}},"required":["HTTP_URI"]}}}},"actions":{"HTTP":{"runAfter":{},"metadata":{"operationMetadataId":"5ef026f8-c782-40f9-9c25-6838c89923b2"},"type":"Http","inputs":{"method":"GET","uri":"https://graph.microsoft.com/beta/deviceManagement/windowsAutopilotDeviceIdentities?$filter=contains(serialNumber,'@{triggerBody()['HTTP_URI']}')","authentication":{"type":"ActiveDirectoryOAuth","tenant":"<INSERT Tenant ID here>","audience":"https://graph.microsoft.com","clientId":"<INSERT Client ID here>","secret":"<INSERT Secret here>"}}},"Parse_JSON":{"runAfter":{"HTTP":["Succeeded"]},"metadata":{"operationMetadataId":"7f8a2063-1400-49df-9e97-9475fb1ce5c4"},"type":"ParseJson","inputs":{"content":"@body('HTTP')","schema":{"type":"object","properties":{"@@odata.context":{"type":"string"},"@@odata.count":{"type":"integer"},"value":{"type":"array","items":{"type":"object","properties":{"id":{"type":"string"},"deploymentProfileAssignmentStatus":{"type":"string"},"deploymentProfileAssignmentDetailedStatus":{"type":"string"},"deploymentProfileAssignedDateTime":{"type":"string"},"groupTag":{"type":"string"},"purchaseOrderIdentifier":{"type":"string"},"serialNumber":{"type":"string"},"productKey":{"type":"string"},"manufacturer":{"type":"string"},"model":{"type":"string"},"enrollmentState":{"type":"string"},"lastContactedDateTime":{"type":"string"},"addressableUserName":{"type":"string"},"userPrincipalName":{"type":"string"},"resourceName":{"type":"string"},"skuNumber":{"type":"string"},"systemFamily":{"type":"string"},"azureActiveDirectoryDeviceId":{"type":"string"},"azureAdDeviceId":{"type":"string"},"managedDeviceId":{"type":"string"},"displayName":{"type":"string"}},"required":["id","deploymentProfileAssignmentStatus","deploymentProfileAssignmentDetailedStatus","deploymentProfileAssignedDateTime","groupTag","purchaseOrderIdentifier","serialNumber","productKey","manufacturer","model","enrollmentState","lastContactedDateTime","addressableUserName","userPrincipalName","resourceName","skuNumber","systemFamily","azureActiveDirectoryDeviceId","azureAdDeviceId","managedDeviceId","displayName"]}}}}}},"Response":{"runAfter":{"Parse_JSON":["Succeeded"]},"metadata":{"operationMetadataId":"7923ec31-fb6c-4bba-bd70-c6ea550d32d2"},"type":"Response","kind":"Http","inputs":{"statusCode":200,"body":"@body('Parse_JSON')?['value']","schema":{"type":"array","items":{"type":"object","properties":{"id":{"type":"string"},"groupTag":{"type":"string"},"serialNumber":{"type":"string"},"manufacturer":{"type":"string"},"model":{"type":"string"},"deploymentProfileAssignmentStatus":{"type":"string"}}}}}}}},"connectionReferences":{},"flowFailureAlertSubscribed":false,"isManaged":false}}