{"name":"ae2bc95c-b2b1-4019-b8ef-f5f324396a35","id":"/providers/Microsoft.Flow/flows/ae2bc95c-b2b1-4019-b8ef-f5f324396a35","type":"Microsoft.Flow/flows","properties":{"apiId":"/providers/Microsoft.PowerApps/apis/shared_logicflows","displayName":"Get-Autopilot-Users","definition":{"metadata":{"workflowEntityId":null,"processAdvisorMetadata":null,"flowChargedByPaygo":null,"flowclientsuspensionreason":"None","flowclientsuspensiontime":null,"flowclientsuspensionreasondetails":null,"creator":{"id":"1ffd00ba-60d9-43a8-a0a5-e8a1147a4b8d","type":"User","tenantId":"95204a72-3af2-4765-830b-f519df91155a"},"provisioningMethod":"FromDefinition","failureAlertSubscription":true,"clientLastModifiedTime":"2024-03-17T10:23:55.4392343Z","connectionKeySavedTimeKey":"2024-03-17T10:23:55.4392343Z"},"$schema":"https://schema.management.azure.com/providers/Microsoft.Logic/schemas/2016-06-01/workflowdefinition.json#","contentVersion":"1.0.0.0","parameters":{"$authentication":{"defaultValue":{},"type":"SecureObject"},"$connections":{"defaultValue":{},"type":"Object"}},"triggers":{"manual":{"metadata":{"operationMetadataId":"45829e80-f80d-404f-b358-b0dfc6fcaf90"},"type":"Request","kind":"PowerAppV2","inputs":{"schema":{"type":"object","properties":{"text":{"title":"HTTP_URI","type":"string","x-ms-dynamically-added":true,"description":"Please enter your input","x-ms-content-hint":"TEXT"}},"required":["text"]}}}},"actions":{"HTTP":{"runAfter":{},"metadata":{"operationMetadataId":"5ef026f8-c782-40f9-9c25-6838c89923b2"},"type":"Http","inputs":{"uri":"https://graph.microsoft.com/beta/users?$filter=startswith(userPrincipalName,'@{triggerBody()['text']}')&$select=id,displayName,userPrincipalName","method":"GET","authentication":{"type":"ActiveDirectoryOAuth","tenant":"<INSERT Tenant ID here>","audience":"https://graph.microsoft.com","clientId":"<INSERT Client ID here>","secret":"<INSERT Secret here>"}}},"Parse_JSON":{"runAfter":{"HTTP":["Succeeded"]},"metadata":{"operationMetadataId":"7f8a2063-1400-49df-9e97-9475fb1ce5c4"},"type":"ParseJson","inputs":{"content":"@body('HTTP')","schema":{"type":"object","properties":{"@@odata.context":{"type":"string"},"value":{"type":"array","items":{"type":"object","properties":{"id":{"type":"string"},"displayName":{"type":"string"},"userPrincipalName":{"type":"string"}},"required":["id","displayName","userPrincipalName"]}}}}}},"Response":{"runAfter":{"Parse_JSON":["Succeeded"]},"metadata":{"operationMetadataId":"7923ec31-fb6c-4bba-bd70-c6ea550d32d2"},"type":"Response","kind":"Http","inputs":{"statusCode":200,"body":"@body('Parse_JSON')?['value']","schema":{"type":"array","items":{"type":"object","properties":{"id":{"type":"string"},"displayName":{"type":"string"},"userPrincipalName":{"type":"string"}},"required":["id","displayName","userPrincipalName"]}}}}}},"connectionReferences":{},"flowFailureAlertSubscribed":false,"isManaged":false}}