<?xml version="1.0" encoding="UTF-8"?>
<root>
  <item name="androidx.leanback.widget.GridLayoutManager mChildVisibility">
    <annotation name="androidx.annotation.IntDef">
      <val name="value" val="{android.view.View.VISIBLE, android.view.View.INVISIBLE, android.view.View.GONE}" />
    </annotation>
  </item>
  <item name="androidx.leanback.widget.Visibility">
    <annotation name="androidx.annotation.IntDef">
      <val name="value" val="{android.view.View.VISIBLE, android.view.View.INVISIBLE, android.view.View.GONE}" />
    </annotation>
  </item>
</root>

