{"schemaVersion":"1.0","appDefinitionTemplate":{"id":"/providers/Microsoft.PowerApps/apps/","type":"Microsoft.PowerApps/apps","tags":{"primaryDeviceWidth":"768","primaryDeviceHeight":"1366","sienaVersion":"20240317T100202Z-3.24031.25.0","deviceCapabilities":"webcam","supportsPortrait":"true","supportsLandscape":"false","primaryFormFactor":"Tablet","publisherVersion":"3.24031.25","minimumRequiredApiVersion":"2.2.0","hasComponent":"false","hasUnlockedComponent":"false","isUnifiedRootApp":"false","showStatusBar":"false","offlineLargeFilesSupport":"false"},"properties":{"appVersion":"2024-03-17T10:02:02Z","lifeCycleId":"Published","createdByClientVersion":{"major":3,"minor":24031,"build":25,"revision":0,"majorRevision":0,"minorRevision":0},"minClientVersion":{"major":3,"minor":24031,"build":25,"revision":0,"majorRevision":0,"minorRevision":0},"backgroundColor":"rgba(0, 176, 240, 1)","backgroundImageUri":"/16156908963403920528/N6bfce387-2dd7-4022-b2fc-53a379fba909-logoSmallFile","displayName":"Autopilot Companion","description":"","commitMessage":"","appUris":{"documentUri":{"value":"/16156908963403920528/Nc32c418d-fd7a-4e92-ac7e-a3b16473aa66-document.msapp"},"imageUris":[],"additionalUris":[{"isSolutionAware":false,"value":"/16156908963403920528/N4668ed57-ffc8-42bb-80ca-dc0490c2fb96-identity.json"}]},"createdTime":"0001-01-01T00:00:00Z","lastModifiedTime":"0001-01-01T00:00:00Z","sharedGroupsCount":0,"sharedUsersCount":0,"connectionReferences":{"90d71d33-a437-4451-98d4-76dad0fddf8f":{"id":"d770fe9f-5bd3-4332-8a42-86139fb0ba19","displayName":"Office 365 Users","iconUri":"https://connectoricons-prod.azureedge.net/releases/v1.0.1672/1.0.1672.3545/office365users/icon.png","dataSources":["Office365Users"],"dependencies":[],"dependents":[],"parameterHints":{},"parameterHintsV2":{},"isOnPremiseConnection":false,"bypassConsent":false,"dataSets":{},"apiTier":"Standard","isCustomApiConnection":false,"actions":["UserPhotoV2"]},"40e1b9fe-512e-494c-8d12-ab9940c0a524":{"id":"77ea7491-df18-437c-b1ec-3123b16b1d9a","displayName":"Logic flows","iconUri":"https://connectoricons-prod.azureedge.net/releases/v1.0.1680/1.0.1680.3652/logicflows/icon.png","dataSources":["Set-GroupTag"],"dependencies":[],"dependents":[],"parameterHints":{"workflowName":{"value":"735ab8cb-87e1-487b-bc0f-ebe63748c9a5"},"workflowEntityId":{},"workflowDisplayName":{"value":"Set-GroupTag"}},"parameterHintsV2":{"workflowName":{"value":"735ab8cb-87e1-487b-bc0f-ebe63748c9a5"},"workflowEntityId":{},"workflowDisplayName":{"value":"Set-GroupTag"}},"isOnPremiseConnection":false,"bypassConsent":false,"dataSets":{},"apiTier":"Standard","isCustomApiConnection":false,"actions":["Run"]},"55532fea-e960-40c5-9103-32a4dac111bf":{"id":"77ea7491-df18-437c-b1ec-3123b16b1d9a","displayName":"Logic flows","iconUri":"https://connectoricons-prod.azureedge.net/releases/v1.0.1680/1.0.1680.3652/logicflows/icon.png","dataSources":["Set-Autopilot-Users"],"dependencies":[],"dependents":[],"parameterHints":{"workflowName":{"value":"8c7d3a89-b66c-4616-98fb-4d064e5feeba"},"workflowEntityId":{},"workflowDisplayName":{"value":"Set-Autopilot-Users"}},"parameterHintsV2":{"workflowName":{"value":"8c7d3a89-b66c-4616-98fb-4d064e5feeba"},"workflowEntityId":{},"workflowDisplayName":{"value":"Set-Autopilot-Users"}},"isOnPremiseConnection":false,"bypassConsent":false,"dataSets":{},"apiTier":"Standard","isCustomApiConnection":false,"actions":["Run"]},"9293a0d5-1c57-41da-9c63-d1fd9142a14d":{"id":"77ea7491-df18-437c-b1ec-3123b16b1d9a","displayName":"Logic flows","iconUri":"https://connectoricons-prod.azureedge.net/releases/v1.0.1680/1.0.1680.3652/logicflows/icon.png","dataSources":["Set-Autopilot-Sync"],"dependencies":[],"dependents":[],"parameterHints":{"workflowName":{"value":"9e7088c3-4b3e-4064-af53-7eb78ae7b147"},"workflowEntityId":{},"workflowDisplayName":{"value":"Set-Autopilot-Sync"}},"parameterHintsV2":{"workflowName":{"value":"9e7088c3-4b3e-4064-af53-7eb78ae7b147"},"workflowEntityId":{},"workflowDisplayName":{"value":"Set-Autopilot-Sync"}},"isOnPremiseConnection":false,"bypassConsent":false,"dataSets":{},"apiTier":"Standard","isCustomApiConnection":false,"actions":["Run"]},"bef9ba4e-7fc3-46f1-85c0-7fb491a5d685":{"id":"77ea7491-df18-437c-b1ec-3123b16b1d9a","displayName":"Logic flows","iconUri":"https://connectoricons-prod.azureedge.net/releases/v1.0.1680/1.0.1680.3652/logicflows/icon.png","dataSources":["Remove-Autopilot-Users"],"dependencies":[],"dependents":[],"parameterHints":{"workflowName":{"value":"f102210f-78f3-4e3e-a4f5-6765032d8bf3"},"workflowEntityId":{},"workflowDisplayName":{"value":"Remove-Autopilot-Users"}},"parameterHintsV2":{"workflowName":{"value":"f102210f-78f3-4e3e-a4f5-6765032d8bf3"},"workflowEntityId":{},"workflowDisplayName":{"value":"Remove-Autopilot-Users"}},"isOnPremiseConnection":false,"bypassConsent":false,"dataSets":{},"apiTier":"Standard","isCustomApiConnection":false,"actions":["Run"]},"3e7ebaf7-350c-4f18-9000-ef2a00d60f75":{"id":"77ea7491-df18-437c-b1ec-3123b16b1d9a","displayName":"Logic flows","iconUri":"https://connectoricons-prod.azureedge.net/releases/v1.0.1680/1.0.1680.3652/logicflows/icon.png","dataSources":["Get-Win32App"],"dependencies":[],"dependents":[],"parameterHints":{"workflowName":{"value":"0b02d408-517a-4296-a3f5-ed2f103d54b0"},"workflowEntityId":{},"workflowDisplayName":{"value":"Get-Win32App"}},"parameterHintsV2":{"workflowName":{"value":"0b02d408-517a-4296-a3f5-ed2f103d54b0"},"workflowEntityId":{},"workflowDisplayName":{"value":"Get-Win32App"}},"isOnPremiseConnection":false,"bypassConsent":false,"dataSets":{},"apiTier":"Standard","isCustomApiConnection":false,"actions":["Run"]},"f3aaadad-3b3c-4d47-adc8-355b26b12454":{"id":"77ea7491-df18-437c-b1ec-3123b16b1d9a","displayName":"Logic flows","iconUri":"https://connectoricons-prod.azureedge.net/releases/v1.0.1680/1.0.1680.3652/logicflows/icon.png","dataSources":["Get-RBAC-GroupTag"],"dependencies":[],"dependents":[],"parameterHints":{"workflowName":{"value":"8cf512e5-07fc-4ad3-b5c0-971e86e3f409"},"workflowEntityId":{},"workflowDisplayName":{"value":"Get-RBAC-GroupTag"}},"parameterHintsV2":{"workflowName":{"value":"8cf512e5-07fc-4ad3-b5c0-971e86e3f409"},"workflowEntityId":{},"workflowDisplayName":{"value":"Get-RBAC-GroupTag"}},"isOnPremiseConnection":false,"bypassConsent":false,"dataSets":{},"apiTier":"Standard","isCustomApiConnection":false,"actions":["Run"]},"409afb4b-d94c-49ff-89ff-cbba1b05d84e":{"id":"77ea7491-df18-437c-b1ec-3123b16b1d9a","displayName":"Logic flows","iconUri":"https://connectoricons-prod.azureedge.net/releases/v1.0.1680/1.0.1680.3652/logicflows/icon.png","dataSources":["Get-Autopilot-Users"],"dependencies":[],"dependents":[],"parameterHints":{"workflowName":{"value":"e2fb95ab-b323-4275-948f-2d550565828a"},"workflowEntityId":{},"workflowDisplayName":{"value":"Get-Autopilot-Users"}},"parameterHintsV2":{"workflowName":{"value":"e2fb95ab-b323-4275-948f-2d550565828a"},"workflowEntityId":{},"workflowDisplayName":{"value":"Get-Autopilot-Users"}},"isOnPremiseConnection":false,"bypassConsent":false,"dataSets":{},"apiTier":"Standard","isCustomApiConnection":false,"actions":["Run"]},"1246016c-2096-4a40-b581-7fee369f1ee8":{"id":"77ea7491-df18-437c-b1ec-3123b16b1d9a","displayName":"Logic flows","iconUri":"https://connectoricons-prod.azureedge.net/releases/v1.0.1680/1.0.1680.3652/logicflows/icon.png","dataSources":["Get-Autopilot-Devices-WhiteGlove"],"dependencies":[],"dependents":[],"parameterHints":{"workflowName":{"value":"97caf2fe-b266-4d8d-bd8a-d039b4fd25eb"},"workflowEntityId":{},"workflowDisplayName":{"value":"Get-Autopilot-Devices-WhiteGlove"}},"parameterHintsV2":{"workflowName":{"value":"97caf2fe-b266-4d8d-bd8a-d039b4fd25eb"},"workflowEntityId":{},"workflowDisplayName":{"value":"Get-Autopilot-Devices-WhiteGlove"}},"isOnPremiseConnection":false,"bypassConsent":false,"dataSets":{},"apiTier":"Standard","isCustomApiConnection":false,"actions":["Run"]},"72a97b54-a0c5-43c2-9d40-ed98b2d3ae4f":{"id":"77ea7491-df18-437c-b1ec-3123b16b1d9a","displayName":"Logic flows","iconUri":"https://connectoricons-prod.azureedge.net/releases/v1.0.1680/1.0.1680.3652/logicflows/icon.png","dataSources":["Get-Autopilot-Devices"],"dependencies":[],"dependents":[],"parameterHints":{"workflowName":{"value":"ef08c7f8-469e-4ba9-beea-c554a985b152"},"workflowEntityId":{},"workflowDisplayName":{"value":"Get-Autopilot-Devices"}},"parameterHintsV2":{"workflowName":{"value":"ef08c7f8-469e-4ba9-beea-c554a985b152"},"workflowEntityId":{},"workflowDisplayName":{"value":"Get-Autopilot-Devices"}},"isOnPremiseConnection":false,"bypassConsent":false,"dataSets":{},"apiTier":"Standard","isCustomApiConnection":false,"actions":["Run"]},"c0326784-1e90-4cfe-9d55-488e11e02b87":{"id":"77ea7491-df18-437c-b1ec-3123b16b1d9a","displayName":"Logic flows","iconUri":"https://connectoricons-prod.azureedge.net/releases/v1.0.1680/1.0.1680.3652/logicflows/icon.png","dataSources":["Get-Autopilot-Device-Details"],"dependencies":[],"dependents":[],"parameterHints":{"workflowName":{"value":"ac3e90d3-1e99-4e4d-b48a-289dc37b3415"},"workflowEntityId":{},"workflowDisplayName":{"value":"Get-Autopilot-Device-Details"}},"parameterHintsV2":{"workflowName":{"value":"ac3e90d3-1e99-4e4d-b48a-289dc37b3415"},"workflowEntityId":{},"workflowDisplayName":{"value":"Get-Autopilot-Device-Details"}},"isOnPremiseConnection":false,"bypassConsent":false,"dataSets":{},"apiTier":"Standard","isCustomApiConnection":false,"actions":["Run"]}},"databaseReferences":{},"almMode":"Environment","performanceOptimizationEnabled":true,"canConsumeAppPass":true,"enableModernRuntimeMode":false,"executionRestrictions":{"isTeamsOnly":false,"dataLossPreventionEvaluationResult":{"status":"Compliant","lastEvaluationDate":"2022-03-22T12:49:12.2753835Z","violations":[],"violationsByPolicy":[],"violationErrorMessage":"The app uses the following connectors: shared_office365users, shared_logicflows."},"httpActionRestriction":{"appUsesSharepointHttpAction":false,"enforcementStrategy":"Legacy","evaluationTime":"2022-03-22T12:49:12.2753835Z"}}},"appType":"ClassicCanvasApp","appComponents":[]}}