<?xml version="1.0" encoding="UTF-8"?>
<root>
  <item name="androidx.emoji.widget.EmojiEditTextHelper mEmojiReplaceStrategy">
    <annotation name="androidx.annotation.IntDef">
      <val name="value" val="{androidx.emoji.text.EmojiCompat.REPLACE_STRATEGY_DEFAULT, androidx.emoji.text.EmojiCompat.REPLACE_STRATEGY_NON_EXISTENT, androidx.emoji.text.EmojiCompat.REPLACE_STRATEGY_ALL}" />
    </annotation>
  </item>
  <item name="androidx.emoji.widget.EmojiEditTextHelper void setEmojiReplaceStrategy(int) 0">
    <annotation name="androidx.annotation.IntDef">
      <val name="value" val="{androidx.emoji.text.EmojiCompat.REPLACE_STRATEGY_DEFAULT, androidx.emoji.text.EmojiCompat.REPLACE_STRATEGY_NON_EXISTENT, androidx.emoji.text.EmojiCompat.REPLACE_STRATEGY_ALL}" />
    </annotation>
  </item>
  <item name="androidx.emoji.widget.EmojiEditTextHelper.HelperInternal void setEmojiReplaceStrategy(int) 0">
    <annotation name="androidx.annotation.IntDef">
      <val name="value" val="{androidx.emoji.text.EmojiCompat.REPLACE_STRATEGY_DEFAULT, androidx.emoji.text.EmojiCompat.REPLACE_STRATEGY_NON_EXISTENT, androidx.emoji.text.EmojiCompat.REPLACE_STRATEGY_ALL}" />
    </annotation>
  </item>
  <item name="androidx.emoji.widget.EmojiEditTextHelper.HelperInternal19 void setEmojiReplaceStrategy(int) 0">
    <annotation name="androidx.annotation.IntDef">
      <val name="value" val="{androidx.emoji.text.EmojiCompat.REPLACE_STRATEGY_DEFAULT, androidx.emoji.text.EmojiCompat.REPLACE_STRATEGY_NON_EXISTENT, androidx.emoji.text.EmojiCompat.REPLACE_STRATEGY_ALL}" />
    </annotation>
  </item>
  <item name="androidx.emoji.widget.EmojiExtractEditText void setEmojiReplaceStrategy(int) 0">
    <annotation name="androidx.annotation.IntDef">
      <val name="value" val="{androidx.emoji.text.EmojiCompat.REPLACE_STRATEGY_DEFAULT, androidx.emoji.text.EmojiCompat.REPLACE_STRATEGY_NON_EXISTENT, androidx.emoji.text.EmojiCompat.REPLACE_STRATEGY_ALL}" />
    </annotation>
  </item>
  <item name="androidx.emoji.widget.EmojiExtractTextLayout void setEmojiReplaceStrategy(int) 0">
    <annotation name="androidx.annotation.IntDef">
      <val name="value" val="{androidx.emoji.text.EmojiCompat.REPLACE_STRATEGY_DEFAULT, androidx.emoji.text.EmojiCompat.REPLACE_STRATEGY_NON_EXISTENT, androidx.emoji.text.EmojiCompat.REPLACE_STRATEGY_ALL}" />
    </annotation>
  </item>
  <item name="androidx.emoji.widget.EmojiTextWatcher int getEmojiReplaceStrategy()">
    <annotation name="androidx.annotation.IntDef">
      <val name="value" val="{androidx.emoji.text.EmojiCompat.REPLACE_STRATEGY_DEFAULT, androidx.emoji.text.EmojiCompat.REPLACE_STRATEGY_NON_EXISTENT, androidx.emoji.text.EmojiCompat.REPLACE_STRATEGY_ALL}" />
    </annotation>
  </item>
  <item name="androidx.emoji.widget.EmojiTextWatcher mEmojiReplaceStrategy">
    <annotation name="androidx.annotation.IntDef">
      <val name="value" val="{androidx.emoji.text.EmojiCompat.REPLACE_STRATEGY_DEFAULT, androidx.emoji.text.EmojiCompat.REPLACE_STRATEGY_NON_EXISTENT, androidx.emoji.text.EmojiCompat.REPLACE_STRATEGY_ALL}" />
    </annotation>
  </item>
  <item name="androidx.emoji.widget.EmojiTextWatcher void setEmojiReplaceStrategy(int) 0">
    <annotation name="androidx.annotation.IntDef">
      <val name="value" val="{androidx.emoji.text.EmojiCompat.REPLACE_STRATEGY_DEFAULT, androidx.emoji.text.EmojiCompat.REPLACE_STRATEGY_NON_EXISTENT, androidx.emoji.text.EmojiCompat.REPLACE_STRATEGY_ALL}" />
    </annotation>
  </item>
</root>

