{"name":"1e688f5c-4752-49a7-88a3-b7e68bae2445","id":"/providers/Microsoft.Flow/flows/1e688f5c-4752-49a7-88a3-b7e68bae2445","type":"Microsoft.Flow/flows","properties":{"apiId":"/providers/Microsoft.PowerApps/apis/shared_logicflows","displayName":"Set-Autopilot-Sync","definition":{"metadata":{"workflowEntityId":null,"processAdvisorMetadata":null,"flowChargedByPaygo":null,"flowclientsuspensionreason":"None","flowclientsuspensiontime":null,"flowclientsuspensionreasondetails":null,"creator":{"id":"1ffd00ba-60d9-43a8-a0a5-e8a1147a4b8d","type":"User","tenantId":"95204a72-3af2-4765-830b-f519df91155a"},"provisioningMethod":"FromDefinition","failureAlertSubscription":true,"clientLastModifiedTime":"2024-03-17T10:19:54.7044129Z","connectionKeySavedTimeKey":"2024-03-17T10:19:54.7044129Z"},"$schema":"https://schema.management.azure.com/providers/Microsoft.Logic/schemas/2016-06-01/workflowdefinition.json#","contentVersion":"1.0.0.0","parameters":{"$authentication":{"defaultValue":{},"type":"SecureObject"},"$connections":{"defaultValue":{},"type":"Object"}},"triggers":{"manual":{"metadata":{"operationMetadataId":"26d9a015-7d4e-4022-9969-501d00841a2f"},"type":"Request","kind":"PowerAppV2","inputs":{"schema":{"type":"object","properties":{},"required":[]}}}},"actions":{"HTTP":{"runAfter":{},"metadata":{"operationMetadataId":"8715aa56-8c68-4dc5-bbc6-a7a4c4be7e8b"},"type":"Http","inputs":{"uri":"https://graph.microsoft.com/beta/deviceManagement/windowsAutopilotSettings/sync","method":"POST","authentication":{"type":"ActiveDirectoryOAuth","authority":"","tenant":"<INSERT Tenant ID here>","audience":"https://graph.microsoft.com","clientId":"<INSERT Client ID here>","secret":"<INSERT Secret here>"}}},"Response":{"runAfter":{"HTTP":["Succeeded"]},"metadata":{"operationMetadataId":"fba48682-9aa5-4e60-8ec4-a2b31494cdf9"},"type":"Response","kind":"Http","inputs":{"statusCode":"@outputs('HTTP')['statusCode']"}}}},"connectionReferences":{},"flowFailureAlertSubscribed":false,"isManaged":false}}