<?xml version="1.0" encoding="UTF-8"?>
<root>
  <item name="androidx.biometric.BiometricManager int canAuthenticate()">
    <annotation name="androidx.annotation.IntDef">
      <val name="value" val="{androidx.biometric.BiometricManager.BIOMETRIC_SUCCESS, androidx.biometric.BiometricManager.BIOMETRIC_ERROR_HW_UNAVAILABLE, androidx.biometric.BiometricManager.BIOMETRIC_ERROR_NONE_ENROLLED, androidx.biometric.BiometricManager.BIOMETRIC_ERROR_NO_HARDWARE}" />
    </annotation>
  </item>
  <item name="androidx.biometric.BiometricManager.Api29Impl int canAuthenticate(android.hardware.biometrics.BiometricManager)">
    <annotation name="androidx.annotation.IntDef">
      <val name="value" val="{androidx.biometric.BiometricManager.BIOMETRIC_SUCCESS, androidx.biometric.BiometricManager.BIOMETRIC_ERROR_HW_UNAVAILABLE, androidx.biometric.BiometricManager.BIOMETRIC_ERROR_NONE_ENROLLED, androidx.biometric.BiometricManager.BIOMETRIC_ERROR_NO_HARDWARE}" />
    </annotation>
  </item>
  <item name="androidx.biometric.BiometricPrompt.AuthenticationCallback void onAuthenticationError(int, java.lang.CharSequence) 0">
    <annotation name="androidx.annotation.IntDef">
      <val name="value" val="{androidx.biometric.BiometricConstants.ERROR_HW_UNAVAILABLE, androidx.biometric.BiometricConstants.ERROR_UNABLE_TO_PROCESS, androidx.biometric.BiometricConstants.ERROR_TIMEOUT, androidx.biometric.BiometricConstants.ERROR_NO_SPACE, androidx.biometric.BiometricConstants.ERROR_CANCELED, androidx.biometric.BiometricConstants.ERROR_LOCKOUT, androidx.biometric.BiometricConstants.ERROR_VENDOR, androidx.biometric.BiometricConstants.ERROR_LOCKOUT_PERMANENT, androidx.biometric.BiometricConstants.ERROR_USER_CANCELED, androidx.biometric.BiometricConstants.ERROR_NO_BIOMETRICS, androidx.biometric.BiometricConstants.ERROR_HW_NOT_PRESENT, androidx.biometric.BiometricConstants.ERROR_NEGATIVE_BUTTON, androidx.biometric.BiometricConstants.ERROR_NO_DEVICE_CREDENTIAL}" />
    </annotation>
  </item>
  <item name="androidx.biometric.DeviceCredentialHandlerBridge mDeviceCredentialResult">
    <annotation name="androidx.annotation.IntDef">
      <val name="value" val="{androidx.biometric.DeviceCredentialHandlerBridge.RESULT_NONE, androidx.biometric.DeviceCredentialHandlerBridge.RESULT_SUCCESS, androidx.biometric.DeviceCredentialHandlerBridge.RESULT_ERROR}" />
    </annotation>
  </item>
  <item name="androidx.biometric.DeviceCredentialHandlerBridge mIgnoreResetState">
    <annotation name="androidx.annotation.IntDef">
      <val name="value" val="{androidx.biometric.DeviceCredentialHandlerBridge.NOT_IGNORING_RESET, androidx.biometric.DeviceCredentialHandlerBridge.IGNORING_NEXT_RESET, androidx.biometric.DeviceCredentialHandlerBridge.IGNORING_RESET}" />
    </annotation>
  </item>
</root>

