{"name":"37afe4cd-53e2-42a5-bede-2d4e23d46a67","id":"/providers/Microsoft.Flow/flows/37afe4cd-53e2-42a5-bede-2d4e23d46a67","type":"Microsoft.Flow/flows","properties":{"apiId":"/providers/Microsoft.PowerApps/apis/shared_logicflows","displayName":"Get-RBAC-GroupTag","definition":{"metadata":{"workflowEntityId":null,"processAdvisorMetadata":null,"flowChargedByPaygo":null,"flowclientsuspensionreason":"None","flowclientsuspensiontime":null,"flowclientsuspensionreasondetails":null,"creator":{"id":"1ffd00ba-60d9-43a8-a0a5-e8a1147a4b8d","type":"User","tenantId":"95204a72-3af2-4765-830b-f519df91155a"},"provisioningMethod":"FromDefinition","failureAlertSubscription":true,"clientLastModifiedTime":"2023-04-09T09:19:01.5405216Z"},"$schema":"https://schema.management.azure.com/providers/Microsoft.Logic/schemas/2016-06-01/workflowdefinition.json#","contentVersion":"1.0.0.0","parameters":{"$authentication":{"defaultValue":{},"type":"SecureObject"}},"triggers":{"manual":{"metadata":{"operationMetadataId":"5585d971-beaf-4705-a4bc-22fa75cde31c"},"type":"Request","kind":"PowerApp","inputs":{"schema":{"type":"object","properties":{"HTTP_URI":{"type":"string","format":"uri","description":"Enter request URL","x-ms-powerflows-param-ispartial":false}},"required":["HTTP_URI"]}}}},"actions":{"HTTP":{"runAfter":{"Initialize_variable":["Succeeded"]},"metadata":{"operationMetadataId":"9c2f8c05-bba1-4d90-89ba-5c46733cabe7"},"type":"Http","inputs":{"method":"GET","uri":"https://graph.microsoft.com/beta/groups/<INSERTGroupIDHERE>/members","authentication":{"type":"ActiveDirectoryOAuth","tenant":"<INSERT Tenant ID here>","audience":"https://graph.microsoft.com","clientId":"<INSERT Client ID here>","secret":"<INSERT Secret here>"}}},"Parse_JSON":{"runAfter":{"HTTP":["Succeeded","Failed","Skipped","TimedOut"]},"metadata":{"operationMetadataId":"e6a53be2-accc-4355-b19c-1257aa793682"},"type":"ParseJson","inputs":{"content":"@body('HTTP')","schema":{"type":"object","properties":{"@@odata.context":{"type":"string"},"value":{"type":"array","items":{"type":"object","properties":{"@@odata.type":{"type":"string"},"id":{"type":"string"},"department":{},"displayName":{"type":"string"},"userPrincipalName":{"type":"string"}},"required":["@@odata.type","id","department","displayName","userPrincipalName"]}}}}}},"Response":{"runAfter":{"Apply_to_each":["Succeeded"]},"metadata":{"operationMetadataId":"e77b8442-97b5-4fba-9f01-a7c241b3a6bd"},"type":"Response","kind":"Http","inputs":{"statusCode":200,"body":"@variables('GroupTags')","schema":{"type":"array","items":{"type":"string"}}}},"Initialize_variable":{"runAfter":{},"metadata":{"operationMetadataId":"fbbec8ef-026a-4eeb-a3db-4d0c68ed4fef"},"type":"InitializeVariable","inputs":{"variables":[{"name":"GroupTags","type":"array","value":["","Default","Mechanic","Electrician","","Shared"]}]}},"Apply_to_each":{"foreach":"@body('Parse_JSON')?['value']","actions":{"Condition":{"actions":{"Set_variable":{"runAfter":{},"metadata":{"operationMetadataId":"90f0d2f9-53f5-49e7-a47e-da2b89088e16"},"type":"SetVariable","inputs":{"name":"GroupTags","value":["","Default","Mechanic","Electrician","","SAW","Shared"]}}},"runAfter":{},"expression":{"equals":["@items('Apply_to_each')?['userPrincipalName']","@triggerBody()['HTTP_URI']"]},"metadata":{"operationMetadataId":"4527896b-7d12-4643-9f0b-88afce479a0d"},"type":"If"}},"runAfter":{"Parse_JSON":["Succeeded"]},"metadata":{"operationMetadataId":"7a965bb5-e4b0-4658-adf4-d2d5e8e0ef0a"},"type":"Foreach"}}},"connectionReferences":{},"flowFailureAlertSubscribed":false,"isManaged":false}}