{"name":"8f433358-654b-4d78-8654-bcdec0c30c25","id":"/providers/Microsoft.Flow/flows/8f433358-654b-4d78-8654-bcdec0c30c25","type":"Microsoft.Flow/flows","properties":{"apiId":"/providers/Microsoft.PowerApps/apis/shared_logicflows","displayName":"Get-CorporateIdentifiers-Windows","definition":{"metadata":{"workflowEntityId":null,"processAdvisorMetadata":null,"flowChargedByPaygo":null,"flowclientsuspensionreason":"None","flowclientsuspensiontime":null,"flowclientsuspensionreasondetails":null,"creator":{"id":"1ffd00ba-60d9-43a8-a0a5-e8a1147a4b8d","type":"User","tenantId":"95204a72-3af2-4765-830b-f519df91155a"},"provisioningMethod":"FromDefinition","failureAlertSubscription":true,"clientLastModifiedTime":"2024-07-28T11:20:38.5590314Z","connectionKeySavedTimeKey":"2024-07-28T11:20:38.5590314Z"},"$schema":"https://schema.management.azure.com/providers/Microsoft.Logic/schemas/2016-06-01/workflowdefinition.json#","contentVersion":"undefined","parameters":{"$authentication":{"defaultValue":{},"type":"SecureObject"},"$connections":{"defaultValue":{},"type":"Object"}},"triggers":{"manual":{"type":"Request","kind":"PowerAppV2","inputs":{"schema":{"type":"object","properties":{"text_2":{"description":"","title":"Serial","type":"string","x-ms-content-hint":"TEXT","x-ms-dynamically-added":true}},"required":["text_2"]}}}},"actions":{"Response":{"runAfter":{"Parse_JSON":["Succeeded"]},"type":"Response","kind":"Http","inputs":{"statusCode":200,"body":"@body('Parse_JSON')","schema":{"type":"object","properties":{"@@odata.context":{"type":"string"},"@@odata.count":{"type":"integer"},"@@microsoft.graph.tips":{"type":"string"},"value":{"type":"array","items":{"type":"object","properties":{"id":{"type":"string"},"importedDeviceIdentifier":{"type":"string"},"importedDeviceIdentityType":{"type":"string"},"lastModifiedDateTime":{"type":"string"},"createdDateTime":{"type":"string"},"lastContactedDateTime":{"type":"string"},"description":{"type":"string"},"enrollmentState":{"type":"string"},"platform":{"type":"string"}},"required":["id","importedDeviceIdentifier","importedDeviceIdentityType","lastModifiedDateTime","createdDateTime","lastContactedDateTime","description","enrollmentState","platform"]}}}}}},"HTTP":{"runAfter":{},"type":"Http","inputs":{"uri":"https://graph.microsoft.com/beta/devicemanagement/importedDeviceIdentities?$filter=contains(importedDeviceIdentifier,'@{triggerBody()?['text_2']}')","method":"GET","authentication":{"type":"ActiveDirectoryOAuth","authority":"","tenant":"<INSERT Tenand ID HERE>","audience":"https://graph.microsoft.com","clientId":"<INSERT Client ID HERE>","secret":"<INSERT Secret HERE>"}},"runtimeConfiguration":{"contentTransfer":{"transferMode":"Chunked"}}},"Parse_JSON":{"runAfter":{"HTTP":["Succeeded"]},"type":"ParseJson","inputs":{"content":"@body('HTTP')","schema":{"type":"object","properties":{"@@odata.context":{"type":"string"},"@@odata.count":{"type":"integer"},"@@microsoft.graph.tips":{"type":"string"},"value":{"type":"array","items":{"type":"object","properties":{"id":{"type":"string"},"importedDeviceIdentifier":{"type":"string"},"importedDeviceIdentityType":{"type":"string"},"lastModifiedDateTime":{"type":"string"},"createdDateTime":{"type":"string"},"lastContactedDateTime":{"type":"string"},"description":{"type":"string"},"enrollmentState":{"type":"string"},"platform":{"type":"string"}},"required":["id","importedDeviceIdentifier","importedDeviceIdentityType","lastModifiedDateTime","createdDateTime","lastContactedDateTime","description","enrollmentState","platform"]}}}}}}}},"connectionReferences":{},"flowFailureAlertSubscribed":false,"isManaged":false}}