{"name":"b8e15ec5-fa2b-46c5-9574-7194d6e1ba67","id":"/providers/Microsoft.Flow/flows/b8e15ec5-fa2b-46c5-9574-7194d6e1ba67","type":"Microsoft.Flow/flows","properties":{"apiId":"/providers/Microsoft.PowerApps/apis/shared_logicflows","displayName":"Get-Win32App","definition":{"metadata":{"workflowEntityId":null,"processAdvisorMetadata":null,"flowChargedByPaygo":null,"flowclientsuspensionreason":"None","flowclientsuspensiontime":null,"flowclientsuspensionreasondetails":null,"creator":{"id":"1ffd00ba-60d9-43a8-a0a5-e8a1147a4b8d","type":"User","tenantId":"95204a72-3af2-4765-830b-f519df91155a"},"provisioningMethod":"FromDefinition","failureAlertSubscription":true,"clientLastModifiedTime":"2023-04-09T09:16:50.5164219Z"},"$schema":"https://schema.management.azure.com/providers/Microsoft.Logic/schemas/2016-06-01/workflowdefinition.json#","contentVersion":"1.0.0.0","parameters":{"$authentication":{"defaultValue":{},"type":"SecureObject"}},"triggers":{"manual":{"metadata":{"operationMetadataId":"9f2be7d2-249c-4184-9bd1-ad7f9db8f529"},"type":"Request","kind":"PowerApp","inputs":{"schema":{"type":"object","properties":{"HTTP_URI":{"type":"string","format":"uri","description":"Enter request URL. This parameter is used as part of \"58B060A9-35C1-4EC7-A5B7-755C3621FBC3\"","x-ms-powerflows-param-ispartial":true}},"required":["HTTP_URI"]}}}},"actions":{"HTTP":{"runAfter":{},"metadata":{"operationMetadataId":"21a12ecd-77a3-4d63-8a25-7003d24b5c4d"},"type":"Http","inputs":{"method":"GET","uri":"https://graph.microsoft.com/beta/deviceAppManagement/mobileapps?$filter=startswith(id,'@{toLower(triggerBody()['HTTP_URI'])}')","authentication":{"type":"ActiveDirectoryOAuth","tenant":"<INSERT Tenant ID here>","audience":"https://graph.microsoft.com","clientId":"<INSERT Client ID here>","secret":"<INSERT Secret here>"}}},"Parse_JSON":{"runAfter":{"HTTP":["Succeeded"]},"metadata":{"operationMetadataId":"8be82eb4-40a7-4eac-b8cd-151f21fde6ef"},"type":"ParseJson","inputs":{"content":"@body('HTTP')","schema":{"type":"object","properties":{"@@odata.context":{"type":"string"},"@@odata.count":{"type":"integer"},"value":{"type":"array","items":{"type":"object","properties":{"@@odata.type":{"type":"string"},"id":{"type":"string"},"displayName":{"type":"string"},"description":{"type":"string"}},"required":["@@odata.type","id","displayName","description"]}}}}}},"Response":{"runAfter":{"Parse_JSON":["Succeeded"]},"metadata":{"operationMetadataId":"78303283-60ac-4b95-bb95-9fec9e45cb88"},"type":"Response","kind":"Http","inputs":{"statusCode":200,"body":"@body('Parse_JSON')?['value']","schema":{"type":"array","items":{"type":"object","properties":{"@@odata.type":{"type":"string"},"id":{"type":"string"},"displayName":{"type":"string"},"description":{"type":"string"},"publisher":{"type":"string"}},"required":["@@odata.type","id","displayName","description","publisher"]}}}}}},"connectionReferences":{},"flowFailureAlertSubscribed":false,"isManaged":false}}