{"schemaVersion":"1.0","appDefinitionTemplate":{"id":"/providers/Microsoft.PowerApps/apps/","type":"Microsoft.PowerApps/apps","tags":{"primaryDeviceWidth":"768","primaryDeviceHeight":"1366","sienaVersion":"20230409T091436Z-3.23034.13.0","deviceCapabilities":"webcam","supportsPortrait":"true","supportsLandscape":"false","primaryFormFactor":"Tablet","publisherVersion":"3.23034.13","minimumRequiredApiVersion":"2.2.0","hasComponent":"false","hasUnlockedComponent":"false","isUnifiedRootApp":"false"},"properties":{"appVersion":"2023-04-09T09:14:36Z","lifeCycleId":"Published","createdByClientVersion":{"major":3,"minor":23034,"build":13,"revision":0,"majorRevision":0,"minorRevision":0},"minClientVersion":{"major":3,"minor":23034,"build":13,"revision":0,"majorRevision":0,"minorRevision":0},"backgroundColor":"rgba(0, 176, 240, 1)","backgroundImageUri":"/16835993847244467328/Nd5b576b3-e612-4205-b825-2bf13d445558-logoSmallFile","displayName":"Autopilot Companion","description":"","commitMessage":"","appUris":{"documentUri":{"value":"/16835993847244467328/N7d56cd39-820c-4838-8321-40481dba00dd-document.msapp"},"imageUris":[],"additionalUris":[]},"createdTime":"0001-01-01T00:00:00Z","lastModifiedTime":"0001-01-01T00:00:00Z","sharedGroupsCount":0,"sharedUsersCount":0,"connectionReferences":{"90d71d33-a437-4451-98d4-76dad0fddf8f":{"id":"d770fe9f-5bd3-4332-8a42-86139fb0ba19","displayName":"Office 365 Users","iconUri":"https://connectoricons-prod.azureedge.net/u/laborbol/releases/ase-v3/1.0.1622.3200/office365users/icon.png","dataSources":["Office365Users"],"dependencies":[],"dependents":[],"parameterHints":{},"parameterHintsV2":{},"isOnPremiseConnection":false,"bypassConsent":false,"dataSets":{},"apiTier":"Standard","isCustomApiConnection":false,"actions":["UserPhotoV2"]},"6085bd29-63d8-4784-8cae-35934684d8ed":{"id":"77ea7491-df18-437c-b1ec-3123b16b1d9a","displayName":"Logic flows","iconUri":"https://connectoricons-prod.azureedge.net/releases/v1.0.1615/1.0.1615.3163/logicflows/icon.png","dataSources":["Get-Autopilot-Devices"],"dependencies":[],"dependents":[],"parameterHints":{"workflowName":{"value":"bcf166c9-4d05-4425-b647-f864bbe2bb8a"},"workflowEntityId":{}},"parameterHintsV2":{},"isOnPremiseConnection":false,"bypassConsent":false,"dataSets":{},"apiTier":"Standard","isCustomApiConnection":false,"actions":["Run"]},"fd347ff1-9829-4cee-b566-b936f1268527":{"id":"77ea7491-df18-437c-b1ec-3123b16b1d9a","displayName":"Logic flows","iconUri":"https://connectoricons-prod.azureedge.net/releases/v1.0.1615/1.0.1615.3163/logicflows/icon.png","dataSources":["Set-GroupTag"],"dependencies":[],"dependents":[],"parameterHints":{"workflowName":{"value":"bc21b617-5de4-44df-b390-569ed7900ac7"},"workflowEntityId":{}},"parameterHintsV2":{},"isOnPremiseConnection":false,"bypassConsent":false,"dataSets":{},"apiTier":"Standard","isCustomApiConnection":false,"actions":["Run"]},"86c2f150-affb-4068-839c-a507c2845239":{"id":"77ea7491-df18-437c-b1ec-3123b16b1d9a","displayName":"Logic flows","iconUri":"https://connectoricons-prod.azureedge.net/releases/v1.0.1615/1.0.1615.3163/logicflows/icon.png","dataSources":["Get-Autopilot-Device-Details"],"dependencies":[],"dependents":[],"parameterHints":{"workflowName":{"value":"891d4e10-5664-4dc0-82f1-415c9dd9378b"},"workflowEntityId":{}},"parameterHintsV2":{},"isOnPremiseConnection":false,"bypassConsent":false,"dataSets":{},"apiTier":"Standard","isCustomApiConnection":false,"actions":["Run"]},"6a1376dc-ea64-49b0-9f5c-80a7a5fc48ff":{"id":"77ea7491-df18-437c-b1ec-3123b16b1d9a","displayName":"Logic flows","iconUri":"https://connectoricons-prod.azureedge.net/releases/v1.0.1615/1.0.1615.3163/logicflows/icon.png","dataSources":["Get-RBAC-GroupTag"],"dependencies":[],"dependents":[],"parameterHints":{"workflowName":{"value":"c98c875c-286b-4dda-9ccc-c1be40f42e77"},"workflowEntityId":{}},"parameterHintsV2":{},"isOnPremiseConnection":false,"bypassConsent":false,"dataSets":{},"apiTier":"Standard","isCustomApiConnection":false,"actions":["Run"]},"c543e3cc-4c2f-491d-96a5-0b4fa931429e":{"id":"77ea7491-df18-437c-b1ec-3123b16b1d9a","displayName":"Logic flows","iconUri":"https://connectoricons-prod.azureedge.net/releases/v1.0.1615/1.0.1615.3163/logicflows/icon.png","dataSources":["Get-Win32App"],"dependencies":[],"dependents":[],"parameterHints":{"workflowName":{"value":"b85e6172-2f7c-45af-94a3-5b9a5bbcf7eb"},"workflowEntityId":{}},"parameterHintsV2":{},"isOnPremiseConnection":false,"bypassConsent":false,"dataSets":{},"apiTier":"Standard","isCustomApiConnection":false,"actions":["Run"]},"f3b2a8cd-7691-484b-9ddc-8567dcd8a139":{"id":"77ea7491-df18-437c-b1ec-3123b16b1d9a","displayName":"Logic flows","iconUri":"https://connectoricons-prod.azureedge.net/releases/v1.0.1615/1.0.1615.3163/logicflows/icon.png","dataSources":["Get-Autopilot-Devices-WhiteGlove"],"dependencies":[],"dependents":[],"parameterHints":{"workflowName":{"value":"5d581b68-f49e-4802-8aac-452f4c3cd6e9"},"workflowEntityId":{}},"parameterHintsV2":{},"isOnPremiseConnection":false,"bypassConsent":false,"dataSets":{},"apiTier":"Standard","isCustomApiConnection":false,"actions":["Run"]},"cfaa95a8-115b-43b6-8989-d4800d432df2":{"id":"77ea7491-df18-437c-b1ec-3123b16b1d9a","displayName":"Logic flows","iconUri":"https://connectoricons-prod.azureedge.net/releases/v1.0.1615/1.0.1615.3163/logicflows/icon.png","dataSources":["Set-Autopilot-Sync"],"dependencies":[],"dependents":[],"parameterHints":{"workflowName":{"value":"8c3a5523-3c6c-4787-8e72-05ee22e499dd"},"workflowEntityId":{}},"parameterHintsV2":{},"isOnPremiseConnection":false,"bypassConsent":false,"dataSets":{},"apiTier":"Standard","isCustomApiConnection":false,"actions":["Run"]}},"databaseReferences":{},"almMode":"Environment","performanceOptimizationEnabled":true,"canConsumeAppPass":true,"enableModernRuntimeMode":false,"executionRestrictions":{"isTeamsOnly":false,"dataLossPreventionEvaluationResult":{"status":"Compliant","lastEvaluationDate":"2022-03-22T12:49:12.2753835Z","violations":[],"violationsByPolicy":[],"violationErrorMessage":"The app uses the following connectors: shared_office365users, shared_logicflows."},"httpActionRestriction":{"appUsesSharepointHttpAction":false,"enforcementStrategy":"Legacy","evaluationTime":"2022-03-22T12:49:12.2753835Z"}}},"appType":"ClassicCanvasApp","appComponents":[]}}