<?xml version="1.0" encoding="UTF-8"?>
<root>
  <item name="androidx.mediarouter.app.MediaRouteButton boolean showDialogForType(int) 0">
    <annotation name="androidx.annotation.IntDef">
      <val name="value" val="{androidx.mediarouter.media.MediaRouterParams.DIALOG_TYPE_DEFAULT, androidx.mediarouter.media.MediaRouterParams.DIALOG_TYPE_DYNAMIC_GROUP}" />
    </annotation>
  </item>
  <item name="androidx.mediarouter.app.MediaRouterThemeHelper int getControllerColor(android.content.Context, int)">
    <annotation name="androidx.annotation.IntDef">
      <val name="value" val="{androidx.mediarouter.app.MediaRouterThemeHelper.COLOR_DARK_ON_LIGHT_BACKGROUND, androidx.mediarouter.app.MediaRouterThemeHelper.COLOR_WHITE_ON_DARK_BACKGROUND}" />
    </annotation>
  </item>
</root>

