{"name":"6ad69f50-4dc2-48f8-bc79-c831164cb6a0","id":"/providers/Microsoft.Flow/flows/6ad69f50-4dc2-48f8-bc79-c831164cb6a0","type":"Microsoft.Flow/flows","properties":{"apiId":"/providers/Microsoft.PowerApps/apis/shared_logicflows","displayName":"Get-Autopilot-Devices","definition":{"metadata":{"workflowEntityId":null,"processAdvisorMetadata":null,"flowChargedByPaygo":null,"flowclientsuspensionreason":"None","flowclientsuspensiontime":null,"flowclientsuspensionreasondetails":null,"creator":{"id":"1ffd00ba-60d9-43a8-a0a5-e8a1147a4b8d","type":"User","tenantId":"95204a72-3af2-4765-830b-f519df91155a"},"provisioningMethod":"FromDefinition","failureAlertSubscription":true,"clientLastModifiedTime":"2024-03-17T10:22:18.4190004Z","connectionKeySavedTimeKey":"2024-03-17T10:22:18.4190004Z"},"$schema":"https://schema.management.azure.com/providers/Microsoft.Logic/schemas/2016-06-01/workflowdefinition.json#","contentVersion":"1.0.0.0","parameters":{"$authentication":{"defaultValue":{},"type":"SecureObject"},"$connections":{"defaultValue":{},"type":"Object"}},"triggers":{"manual":{"metadata":{"operationMetadataId":"d29eae69-57b3-4fd2-a95f-e59a8833955f"},"type":"Request","kind":"PowerAppV2","inputs":{"schema":{"type":"object","properties":{"text":{"title":"HTTP_URI","type":"string","x-ms-dynamically-added":true,"description":"Please enter your input","x-ms-content-hint":"TEXT"}},"required":["text"]}}}},"actions":{"HTTP":{"runAfter":{},"metadata":{"operationMetadataId":"5ef026f8-c782-40f9-9c25-6838c89923b2"},"type":"Http","inputs":{"uri":"https://graph.microsoft.com/beta/deviceManagement/windowsAutopilotDeviceIdentities?$filter=contains(serialNumber,'@{triggerBody()['text']}')","method":"GET","authentication":{"type":"ActiveDirectoryOAuth","tenant":"<INSERT Tenant ID here>","audience":"https://graph.microsoft.com","clientId":"<INSERT Client ID here>","secret":"<INSERT Secret here>"}}},"Parse_JSON":{"runAfter":{"HTTP":["Succeeded"]},"metadata":{"operationMetadataId":"7f8a2063-1400-49df-9e97-9475fb1ce5c4"},"type":"ParseJson","inputs":{"content":"@body('HTTP')","schema":{"type":"object","properties":{"@@odata.context":{"type":"string"},"@@odata.count":{"type":"integer"},"value":{"type":"array","items":{"type":"object","properties":{"id":{"type":"string"},"deploymentProfileAssignmentStatus":{"type":"string"},"deploymentProfileAssignmentDetailedStatus":{"type":"string"},"deploymentProfileAssignedDateTime":{"type":"string"},"groupTag":{"type":"string"},"purchaseOrderIdentifier":{"type":"string"},"serialNumber":{"type":"string"},"productKey":{"type":"string"},"manufacturer":{"type":"string"},"model":{"type":"string"},"enrollmentState":{"type":"string"},"lastContactedDateTime":{"type":"string"},"addressableUserName":{"type":"string"},"userPrincipalName":{"type":"string"},"resourceName":{"type":"string"},"skuNumber":{"type":"string"},"systemFamily":{"type":"string"},"azureActiveDirectoryDeviceId":{"type":"string"},"azureAdDeviceId":{"type":"string"},"managedDeviceId":{"type":"string"},"displayName":{"type":"string"},"deviceAccountUpn":{"type":"string"},"deviceAccountPassword":{},"deviceFriendlyName":{},"remediationState":{"type":"string"},"remediationStateLastModifiedDateTime":{"type":"string"},"userlessEnrollmentStatus":{"type":"string"}},"required":["id","deploymentProfileAssignmentStatus","deploymentProfileAssignmentDetailedStatus","deploymentProfileAssignedDateTime","groupTag","purchaseOrderIdentifier","serialNumber","productKey","manufacturer","model","enrollmentState","lastContactedDateTime","addressableUserName","userPrincipalName","resourceName","skuNumber","systemFamily","azureActiveDirectoryDeviceId","azureAdDeviceId","managedDeviceId","displayName","deviceAccountUpn","remediationState","remediationStateLastModifiedDateTime","userlessEnrollmentStatus"]}}}}}},"Response":{"runAfter":{"Parse_JSON":["Succeeded"]},"metadata":{"operationMetadataId":"7923ec31-fb6c-4bba-bd70-c6ea550d32d2"},"type":"Response","kind":"Http","inputs":{"statusCode":200,"body":"@body('Parse_JSON')?['value']","schema":{"type":"array","items":{"type":"object","properties":{"id":{"type":"string"},"deploymentProfileAssignmentStatus":{"type":"string"},"deploymentProfileAssignmentDetailedStatus":{"type":"string"},"deploymentProfileAssignedDateTime":{"type":"string"},"groupTag":{"type":"string"},"purchaseOrderIdentifier":{"type":"string"},"serialNumber":{"type":"string"},"productKey":{"type":"string"},"manufacturer":{"type":"string"},"model":{"type":"string"},"enrollmentState":{"type":"string"},"lastContactedDateTime":{"type":"string"},"addressableUserName":{"type":"string"},"userPrincipalName":{"type":"string"},"resourceName":{"type":"string"},"skuNumber":{"type":"string"},"systemFamily":{"type":"string"},"azureActiveDirectoryDeviceId":{"type":"string"},"azureAdDeviceId":{"type":"string"},"managedDeviceId":{"type":"string"},"displayName":{"type":"string"},"deviceAccountUpn":{"type":"string"},"deviceAccountPassword":{},"deviceFriendlyName":{},"remediationState":{"type":"string"},"remediationStateLastModifiedDateTime":{"type":"string"},"userlessEnrollmentStatus":{"type":"string"}},"required":["id","deploymentProfileAssignmentStatus","deploymentProfileAssignmentDetailedStatus","deploymentProfileAssignedDateTime","groupTag","purchaseOrderIdentifier","serialNumber","productKey","manufacturer","model","enrollmentState","lastContactedDateTime","addressableUserName","userPrincipalName","resourceName","skuNumber","systemFamily","azureActiveDirectoryDeviceId","azureAdDeviceId","managedDeviceId","displayName","deviceAccountUpn","remediationState","remediationStateLastModifiedDateTime","userlessEnrollmentStatus"]}}}}}},"connectionReferences":{},"flowFailureAlertSubscribed":false,"isManaged":false}}