{"name":"a7d21695-90de-4748-8585-eee1b49b0bc3","id":"/providers/Microsoft.Flow/flows/a7d21695-90de-4748-8585-eee1b49b0bc3","type":"Microsoft.Flow/flows","properties":{"apiId":"/providers/Microsoft.PowerApps/apis/shared_logicflows","displayName":"Set-GroupTag","definition":{"metadata":{"workflowEntityId":null,"processAdvisorMetadata":null,"flowChargedByPaygo":null,"flowclientsuspensionreason":"None","flowclientsuspensiontime":null,"flowclientsuspensionreasondetails":null,"creator":{"id":"1ffd00ba-60d9-43a8-a0a5-e8a1147a4b8d","type":"User","tenantId":"95204a72-3af2-4765-830b-f519df91155a"},"provisioningMethod":"FromDefinition","failureAlertSubscription":true,"clientLastModifiedTime":"2023-04-09T09:20:33.0514829Z"},"$schema":"https://schema.management.azure.com/providers/Microsoft.Logic/schemas/2016-06-01/workflowdefinition.json#","contentVersion":"1.0.0.0","parameters":{"$authentication":{"defaultValue":{},"type":"SecureObject"}},"triggers":{"manual":{"metadata":{"operationMetadataId":"30d8724e-bb1b-4972-8af1-d269e9d63442"},"type":"Request","kind":"PowerApp","inputs":{"schema":{"type":"object","properties":{"HTTP_URI":{"type":"string","format":"uri","description":"Enter request URL. This parameter is used as part of \"04FFC11F-8F94-4D23-8ACF-DCC62E19172B\"","x-ms-powerflows-param-ispartial":true},"HTTP_Body":{"type":"any","description":"Enter request content. This parameter is used as part of \"D38C6361-8C58-48AA-B482-ED8EFBB97CA9\"","x-ms-powerflows-param-ispartial":true}},"required":["HTTP_URI","HTTP_Body"]}}}},"actions":{"HTTP":{"runAfter":{},"metadata":{"operationMetadataId":"0ee74ffc-21c1-4b60-9a02-84d382a6a60a"},"type":"Http","inputs":{"method":"POST","uri":"https://graph.microsoft.com/beta/deviceManagement/windowsAutopilotDeviceIdentities/@{triggerBody()['HTTP_URI']}/UpdateDeviceProperties","body":{"groupTag":"@triggerBody()['HTTP_Body']"},"authentication":{"type":"ActiveDirectoryOAuth","tenant":"<INSERT Tenant ID here>","audience":"https://graph.microsoft.com","clientId":"<INSERT Client ID here>","secret":"<INSERT Secret here>"}}},"Response":{"runAfter":{"HTTP":["Succeeded"]},"metadata":{"operationMetadataId":"feab8125-5ecb-4d29-a480-6c5c555be789"},"type":"Response","kind":"Http","inputs":{"statusCode":"@outputs('HTTP')['statusCode']"}}}},"connectionReferences":{},"flowFailureAlertSubscribed":false,"isManaged":false}}