{"name":"2cd321e3-6716-42ad-9f13-e4859d769e0d","id":"/providers/Microsoft.Flow/flows/2cd321e3-6716-42ad-9f13-e4859d769e0d","type":"Microsoft.Flow/flows","properties":{"apiId":"/providers/Microsoft.PowerApps/apis/shared_logicflows","displayName":"Set-Autopilot-Sync","definition":{"metadata":{"workflowEntityId":null,"processAdvisorMetadata":null,"flowChargedByPaygo":null,"flowclientsuspensionreason":"None","flowclientsuspensiontime":null,"flowclientsuspensionreasondetails":null,"creator":{"id":"1ffd00ba-60d9-43a8-a0a5-e8a1147a4b8d","type":"User","tenantId":"95204a72-3af2-4765-830b-f519df91155a"},"provisioningMethod":"FromDefinition","failureAlertSubscription":true,"clientLastModifiedTime":"2023-04-09T09:22:02.4032523Z"},"$schema":"https://schema.management.azure.com/providers/Microsoft.Logic/schemas/2016-06-01/workflowdefinition.json#","contentVersion":"1.0.0.0","parameters":{"$authentication":{"defaultValue":{},"type":"SecureObject"}},"triggers":{"manual":{"metadata":{"operationMetadataId":"89ebfc6c-bd31-403f-867e-347a4b60505c"},"type":"Request","kind":"PowerApp","inputs":{"schema":{"type":"object","properties":{"HTTP_URI":{"type":"string","format":"uri","description":"Enter request URL","x-ms-powerflows-param-ispartial":false},"HTTP_Body":{"type":"any","description":"Enter request content","x-ms-powerflows-param-ispartial":false}},"required":["HTTP_URI","HTTP_Body"]}}}},"actions":{"HTTP":{"runAfter":{},"metadata":{"operationMetadataId":"8715aa56-8c68-4dc5-bbc6-a7a4c4be7e8b"},"type":"Http","inputs":{"method":"POST","uri":"https://graph.microsoft.com/beta/deviceManagement/windowsAutopilotSettings/sync","authentication":{"type":"ActiveDirectoryOAuth","tenant":"<INSERT Tenant ID here>","audience":"https://graph.microsoft.com","clientId":"<INSERT Client ID here>","secret":"<INSERT Secret here>"}}},"Response":{"runAfter":{"HTTP":["Succeeded"]},"metadata":{"operationMetadataId":"fba48682-9aa5-4e60-8ec4-a2b31494cdf9"},"type":"Response","kind":"Http","inputs":{"statusCode":"@outputs('HTTP')['statusCode']"}}}},"connectionReferences":{},"flowFailureAlertSubscribed":false,"isManaged":false}}