<?xml version="1.0" encoding="UTF-8"?>
<root>
  <item name="androidx.leanback.media.PlaybackBannerControlGlue mPlaybackSpeed">
    <annotation name="androidx.annotation.IntDef">
      <val name="value" val="{androidx.leanback.media.PlaybackBannerControlGlue.PLAYBACK_SPEED_INVALID, androidx.leanback.media.PlaybackBannerControlGlue.PLAYBACK_SPEED_PAUSED, androidx.leanback.media.PlaybackBannerControlGlue.PLAYBACK_SPEED_NORMAL, androidx.leanback.media.PlaybackBannerControlGlue.PLAYBACK_SPEED_FAST_L0, androidx.leanback.media.PlaybackBannerControlGlue.PLAYBACK_SPEED_FAST_L1, androidx.leanback.media.PlaybackBannerControlGlue.PLAYBACK_SPEED_FAST_L2, androidx.leanback.media.PlaybackBannerControlGlue.PLAYBACK_SPEED_FAST_L3, androidx.leanback.media.PlaybackBannerControlGlue.PLAYBACK_SPEED_FAST_L4}" />
    </annotation>
  </item>
  <item name="androidx.leanback.media.PlaybackBannerControlGlue.ACTION_">
    <annotation name="androidx.annotation.IntDef">
      <val name="flag" val="true" />
      <val name="value" val="{androidx.leanback.media.PlaybackBannerControlGlue.ACTION_CUSTOM_LEFT_FIRST, androidx.leanback.media.PlaybackBannerControlGlue.ACTION_SKIP_TO_PREVIOUS, androidx.leanback.media.PlaybackBannerControlGlue.ACTION_REWIND, androidx.leanback.media.PlaybackBannerControlGlue.ACTION_PLAY_PAUSE, androidx.leanback.media.PlaybackBannerControlGlue.ACTION_FAST_FORWARD, androidx.leanback.media.PlaybackBannerControlGlue.ACTION_SKIP_TO_NEXT, androidx.leanback.media.PlaybackBannerControlGlue.ACTION_CUSTOM_RIGHT_FIRST}" />
    </annotation>
  </item>
</root>

